channel ,link
1GaMeR,/user/hald123451
1st Step Gaming,/channel/UC4XAMOquYBulhFF7H_1c9ng
Ø·ÙˆØ±Ù†ÙŠ,/channel/UCu1AOFVJx5nvhGbo8EmAKHg
20th Century Studios Thailand,/user/thailandfox
Abdullah Reviews,/channel/UC1C2VTdEHmQD-3GINYSHuFA
Abdullah Reviews Again,/channel/UCJV8FOLkMOQhdoA2LVENcHA
acmASCIS,/user/acmASCIS
Ahmed Ali,/user/se7sTC
Ahmed ElSory,/user/AhmedNeveMind2012
Ahmed Hossam,/channel/UC8-XckCPOTF-nZXvcPVu7Nw
Ahnestly,/channel/UCaJTwxKTNsjF19V8HR-uNwg
AJ+ ÙƒØ¨Ø±ÙŠØª,/channel/UC-4KnPMmZzwAzW7SbVATUZQ
Ali Shahin,/channel/UC4Y8dVfo_-aydzENDmE7wTw
Allie Sherlock,/channel/UCGnsRwFS8Xm13lMAeouzT9g
Amr Elkhateb,/channel/UCk_ml7ZCKeawpO3dWcBoYTQ
Arabhardware - Ø¹Ø±Ø¨ Ù‡Ø§Ø±Ø¯ÙˆÙŠØ±,/user/ahardware
Arabic Competitive Programming,/user/nobody123497
ARGamez,/channel/UCb5Gfvwr0sfG-tudqYc_tBg
Ben Lionel Scott,/user/PassiveAggressions
Brandyn Ewanek,/user/TheBrandyn420
Chigz Tech Reviews,/user/cvyas8
chriscodes,/channel/UCMWAPrl4Jif3aGmgrzHtulg
CNET,/user/CNETTV
Codezilla,/channel/UCveX_0uBOHVHbpV838OGXVA
Conor Maynard,/user/skillzaisherebooya
Dave2D,/channel/UCVYamHliCI9rw1tHR1xbkfw
Doug Barnard,/channel/UCLt0VD58m_3DpKVrrfkGAcA
Dr. Ahmed Hagag,/channel/UCzYgAyyZTLfnLFjQexOKxbQ
Dr. Trefor Bazett,/channel/UC9rTsvTxJnx1DNrDA3Rqa6A
Egyptian Gamers,/channel/UC6fwcVt0oir2p1Eywt8hJng
Elzero Web School,/user/OsamaElzero
freeCodeCamp.org,/channel/UC8butISFwT-Wl7EV0hUK0BQ
GAMER SMASH,/channel/UCnMVadSl1-uU7n5r9dbe8fw
GAMER SNACK | Ø¬ÙŠÙ…Ø± Ø³Ù†Ø§Ùƒ,/user/Painkillerq8
gameranx,/user/gameranxTV
Games 2 Egypt,/user/Games2Egypt
GameSpot,/user/gamespot
Gamezawy,/channel/UC11MxcLeRJBYKNvBVVaF_Dg
Gaming,/gaming
IGN,/user/IGNentertainment
Jacob + Katie Schwarz,/user/jacobschwarz
Jarrod'sTech,/channel/UC2Rzju32yQPkQ7oIhmeuLwg
Joe HaTTab,/user/jehadhattab
Joma Tech,/channel/UCV0qA-eDDICsRR9rPcnG7tw
Katakit Baby TV,/user/HusamYK
layla jawad channel,/channel/UCoAFqg8GCC3l44hX2Fv02Cg
Like Nastya AE,/channel/UC3I1iohrGzxep0p8r1Osw3w
Maher Mosly,/channel/UCTFudzu0dUatBTpkMtK_Z8w
Mario's Math Tutoring,/channel/UClOR1BiPyOkkIAnv9Cmj4iw
MaxPowerPlay,/channel/UCVCnawOU4v0m_hStn6QTLiw
Mazen Canada ğŸ‡¨ğŸ‡¦,/channel/UC0bLYqDH3v-4LgqqzJp9e2Q
Mohamed Elsherif,/user/bashmohandes
Mohamed Zaki Shorts,/channel/UCW9-EQBv-VHnE_mwRzsC-tw
MrBeast,/user/MrBeast6000
New Media Academy,/channel/UCtJmfVv0a52Bu7BnJJtZXKw
ONTime Sports,/channel/UCo2TvjBHS1BtyIkeGGTMe6w
OPPO Egypt,/channel/UCf9LQSgwpVEtYwCJNO6r09g
PlayStation,/user/PlayStation
Potta Tactics,/channel/UCnNokfSvBEWsojcqh_KDhTQ
Programming with Mosh,/user/programmingwithmosh
SecondThread,/channel/UCXbCohpE9IoVQUD2Ifg1d1g
shfa,/channel/UCwHE1kM1CPJd_pI9FQ0-4dg
ShortCircuit,/channel/UCdBK94H6oZT2Q7l0-b0xmMg
software-crafters,/channel/UCcRz8w_iwb4QTsaJYMyVtuA
TGG,/channel/UC72PuhDwKtZ5MikpGNhPAtA
The Food Ranger,/user/thefoodranger
The Organic Chemistry Tutor,/channel/UCEWpbFLzoYGPfuWUMFPSaoA
TheNewBaghdad,/user/alxs1aa
Unbox Therapy,/user/unboxtherapy
Unity,/user/Unity3D
Vlad and Niki IDN,/channel/UCgG9IWOPcCIfQoI00xQBUbg
XGAME,/channel/UC9kkOvIBjdeImkA3xFmyEiw
youssef tech ÙŠÙˆØ³Ù ØªÙƒ,/channel/UCgh2HIuUj93_--QAOTEU9Nw
Ziad Elgabaly,/user/HellBoy7452933
Ø§Ù„ØªØ¹Ù„ÙŠÙ…ÙŠØ© Ø£ÙƒØ§Ø¯ÙŠÙ…ÙŠ ,/user/kafyvideo
Ø¨Ø§Ù†ÙˆØ±Ø§Ù…Ø§ ÙÙˆÙˆØ¯ - PNC Food,/channel/UC4Z-RcQmSCNS-GIZKv40TPQ
Ø¯Ø±ÙˆØ³ Ø£ÙˆÙ†Ù„Ø§ÙŠÙ†,/user/DroosOnline4u
Ø¯Ù„ÙŠÙ„ Ø§Ù„Ø·Ø§Ù„Ø¨ - Ø§Ø³Ù„Ø§Ù… Ù‡Ù…Ø§Ù…,/channel/UCgb-b47IPE1BbsiZr-Oip2Q
ÙÙÙ„Ù’ØªÙÙƒÙÙ†Ù’ - Be,/channel/UCWmfyi3LyjOhMw75UqCsLmA
âœ¿ Kids Diana Show,/channel/UCk8GzjMOrta8yxDcKfylJYw
